"","ID","Description","GeneRatio","BgRatio","RichFactor","FoldEnrichment","zScore","pvalue","p.adjust","qvalue","geneID","Count"
"GO:0008083","GO:0008083","growth factor activity","14/288","162/18639",0.0864197530864197,5.59297839506173,7.35533081415302,2.30432617165193e-07,0.000144250818345411,0.000131467872108984,"4856/6387/3976/9518/7042/7422/83729/8200/146433/3082/3592/3714/4803/5228",14
"GO:0005125","GO:0005125","cytokine activity","16/288","234/18639",0.0683760683760684,4.42521367521368,6.60531779252602,7.78243322002856e-07,0.000243590159786894,0.000222004147645025,"85480/6387/3976/9518/7042/7422/83729/9966/4982/8200/146433/10673/3592/7472/6355/8744",16
"GO:0005126","GO:0005126","cytokine receptor binding","14/288","275/18639",0.0509090909090909,3.29477272727273,4.80273268134219,0.000102301803800424,0.0213469763930218,0.0194552904069578,"85480/6387/3976/7042/7422/9966/146433/10673/8651/3592/6355/8744/4803/5228",14
