"","ID","Description","GeneRatio","BgRatio","RichFactor","FoldEnrichment","zScore","pvalue","p.adjust","qvalue","geneID","Count"
"GO:0005201","GO:0005201","extracellular matrix structural constituent","13/350","168/18639",0.0773809523809524,4.12086734693878,5.62112757400942,1.7902024597275e-05,0.0128357516362462,0.011966090125547,"4240/1294/7057/3908/4811/1282/1301/3491/1286/3909/8483/1285/2201",13
"GO:0071949","GO:0071949","FAD binding","6/350","40/18639",0.15,7.98814285714286,6.12048261902776,9.4037532036176e-05,0.0337124552349691,0.0314283330752483,"7296/58472/79689/5625/316/9645",6
"GO:0050660","GO:0050660","flavin adenine dinucleotide binding","8/350","86/18639",0.0930232558139535,4.95388704318937,5.08399491197164,0.000211878881097798,0.0462402579395201,0.0431073387529843,"4128/7296/58472/79689/5625/316/9645/4129",8
"GO:0017147","GO:0017147","Wnt-protein binding","5/350","31/18639",0.161290322580645,8.58940092165899,5.85028724071512,0.000257965176789512,0.0462402579395201,0.0431073387529843,"8325/7855/2487/8323/147495",5
